departement,nom,semaine,couverture_vaccinale_percent
01,Ain,2024-44,36.24
01,Ain,2024-45,37.12
01,Ain,2024-46,38.6
01,Ain,2024-47,40.29
01,Ain,2024-48,42.5
02,Aisne,2024-44,58.65
02,Aisne,2024-45,61.17
02,Aisne,2024-46,62.78
02,Aisne,2024-47,65.51
02,Aisne,2024-48,66.6
03,Allier,2024-44,65.55
03,Allier,2024-45,65.54
03,Allier,2024-46,67.86
03,Allier,2024-47,66.37
03,Allier,2024-48,65.47
04,Alpes-de-Haute-Provence,2024-44,65.07
04,Alpes-de-Haute-Provence,2024-45,67.45
04,Alpes-de-Haute-Provence,2024-46,69.21
04,Alpes-de-Haute-Provence,2024-47,71.44
04,Alpes-de-Haute-Provence,2024-48,70.84
05,Hautes-Alpes,2024-44,35.15
05,Hautes-Alpes,2024-45,37.61
05,Hautes-Alpes,2024-46,39.29
05,Hautes-Alpes,2024-47,40.08
05,Hautes-Alpes,2024-48,41.9
06,Alpes-Maritimes,2024-44,61.57
06,Alpes-Maritimes,2024-45,60.69
06,Alpes-Maritimes,2024-46,60.8
06,Alpes-Maritimes,2024-47,59.04
06,Alpes-Maritimes,2024-48,57.57
2A,Corse-du-Sud,2024-44,34.62
2A,Corse-du-Sud,2024-45,36.33
2A,Corse-du-Sud,2024-46,37.56
2A,Corse-du-Sud,2024-47,38.01
2A,Corse-du-Sud,2024-48,37.66
2B,Haute-Corse,2024-44,54.78
2B,Haute-Corse,2024-45,55.26
2B,Haute-Corse,2024-46,54.99
2B,Haute-Corse,2024-47,55.84
2B,Haute-Corse,2024-48,55.69
07,Ardèche,2024-44,48.87
07,Ardèche,2024-45,47.55
07,Ardèche,2024-46,47.6
07,Ardèche,2024-47,49.19
07,Ardèche,2024-48,49.65
08,Ardennes,2024-44,39.99
08,Ardennes,2024-45,41.13
08,Ardennes,2024-46,40.13
08,Ardennes,2024-47,40.28
08,Ardennes,2024-48,41.4
09,Ariège,2024-44,43.37
09,Ariège,2024-45,42.71
09,Ariège,2024-46,44.65
09,Ariège,2024-47,44.06
09,Ariège,2024-48,45.75
10,Aube,2024-44,35.88
10,Aube,2024-45,36.63
10,Aube,2024-46,38.93
10,Aube,2024-47,38.73
10,Aube,2024-48,37.62
11,Aude,2024-44,59.85
11,Aude,2024-45,59.23
11,Aude,2024-46,61.05
11,Aude,2024-47,61.9
11,Aude,2024-48,61.06
12,Aveyron,2024-44,49.7
12,Aveyron,2024-45,51.89
12,Aveyron,2024-46,54.03
12,Aveyron,2024-47,52.39
12,Aveyron,2024-48,51.77
13,Bouches-du-Rhône,2024-44,30.53
13,Bouches-du-Rhône,2024-45,32.89
13,Bouches-du-Rhône,2024-46,32.1
13,Bouches-du-Rhône,2024-47,31.56
13,Bouches-du-Rhône,2024-48,33.11
14,Calvados,2024-44,40.84
14,Calvados,2024-45,41.25
14,Calvados,2024-46,39.95
14,Calvados,2024-47,40.54
14,Calvados,2024-48,42.49
15,Cantal,2024-44,33.12
15,Cantal,2024-45,32.33
15,Cantal,2024-46,32.91
15,Cantal,2024-47,33.07
15,Cantal,2024-48,35.32
16,Charente,2024-44,29.86
16,Charente,2024-45,30.52
16,Charente,2024-46,32.06
16,Charente,2024-47,31.46
16,Charente,2024-48,34.05
17,Charente-Maritime,2024-44,57.65
17,Charente-Maritime,2024-45,57.12
17,Charente-Maritime,2024-46,56.04
17,Charente-Maritime,2024-47,56.75
17,Charente-Maritime,2024-48,59.26
18,Cher,2024-44,64.31
18,Cher,2024-45,63.41
18,Cher,2024-46,63.35
18,Cher,2024-47,62.87
18,Cher,2024-48,64.07
19,Corrèze,2024-44,51.27
19,Corrèze,2024-45,53.06
19,Corrèze,2024-46,52.88
19,Corrèze,2024-47,54.9
19,Corrèze,2024-48,53.91
21,Côte-d'Or,2024-44,60.75
21,Côte-d'Or,2024-45,61.04
21,Côte-d'Or,2024-46,60.02
21,Côte-d'Or,2024-47,62.37
21,Côte-d'Or,2024-48,61.0
22,Côtes-d'Armor,2024-44,39.62
22,Côtes-d'Armor,2024-45,37.95
22,Côtes-d'Armor,2024-46,39.89
22,Côtes-d'Armor,2024-47,41.08
22,Côtes-d'Armor,2024-48,40.31
23,Creuse,2024-44,59.52
23,Creuse,2024-45,61.69
23,Creuse,2024-46,61.89
23,Creuse,2024-47,62.79
23,Creuse,2024-48,62.08
24,Dordogne,2024-44,62.71
24,Dordogne,2024-45,62.14
24,Dordogne,2024-46,62.22
24,Dordogne,2024-47,62.8
24,Dordogne,2024-48,62.08
25,Doubs,2024-44,54.39
25,Doubs,2024-45,55.19
25,Doubs,2024-46,56.25
25,Doubs,2024-47,58.48
25,Doubs,2024-48,59.58
26,Drôme,2024-44,56.41
26,Drôme,2024-45,55.56
26,Drôme,2024-46,55.14
26,Drôme,2024-47,56.69
26,Drôme,2024-48,55.71
27,Eure,2024-44,54.06
27,Eure,2024-45,53.26
27,Eure,2024-46,53.09
27,Eure,2024-47,53.74
27,Eure,2024-48,56.14
28,Eure-et-Loir,2024-44,65.45
28,Eure-et-Loir,2024-45,64.53
28,Eure-et-Loir,2024-46,65.89
28,Eure-et-Loir,2024-47,65.98
28,Eure-et-Loir,2024-48,66.01
29,Finistère,2024-44,50.72
29,Finistère,2024-45,52.58
29,Finistère,2024-46,53.35
29,Finistère,2024-47,52.08
29,Finistère,2024-48,54.54
30,Gard,2024-44,65.82
30,Gard,2024-45,67.83
30,Gard,2024-46,68.1
30,Gard,2024-47,69.26
30,Gard,2024-48,67.83
31,Haute-Garonne,2024-44,29.92
31,Haute-Garonne,2024-45,30.71
31,Haute-Garonne,2024-46,32.16
31,Haute-Garonne,2024-47,30.75
31,Haute-Garonne,2024-48,30.84
32,Gers,2024-44,53.14
32,Gers,2024-45,52.62
32,Gers,2024-46,51.13
32,Gers,2024-47,49.49
32,Gers,2024-48,51.2
33,Gironde,2024-44,33.43
33,Gironde,2024-45,31.9
33,Gironde,2024-46,32.02
33,Gironde,2024-47,32.67
33,Gironde,2024-48,31.85
34,Hérault,2024-44,40.42
34,Hérault,2024-45,39.26
34,Hérault,2024-46,38.08
34,Hérault,2024-47,38.88
34,Hérault,2024-48,39.53
35,Ille-et-Vilaine,2024-44,61.22
35,Ille-et-Vilaine,2024-45,62.88
35,Ille-et-Vilaine,2024-46,63.2
35,Ille-et-Vilaine,2024-47,63.78
35,Ille-et-Vilaine,2024-48,64.37
36,Indre,2024-44,49.29
36,Indre,2024-45,49.75
36,Indre,2024-46,52.05
36,Indre,2024-47,53.77
36,Indre,2024-48,54.42
37,Indre-et-Loire,2024-44,36.44
37,Indre-et-Loire,2024-45,35.87
37,Indre-et-Loire,2024-46,35.08
37,Indre-et-Loire,2024-47,34.46
37,Indre-et-Loire,2024-48,36.44
38,Isère,2024-44,49.54
38,Isère,2024-45,50.73
38,Isère,2024-46,51.46
38,Isère,2024-47,53.62
38,Isère,2024-48,54.44
39,Jura,2024-44,55.25
39,Jura,2024-45,57.31
39,Jura,2024-46,59.5
39,Jura,2024-47,61.27
39,Jura,2024-48,59.96
40,Landes,2024-44,61.35
40,Landes,2024-45,63.19
40,Landes,2024-46,61.98
40,Landes,2024-47,62.45
40,Landes,2024-48,63.07
41,Loir-et-Cher,2024-44,63.7
41,Loir-et-Cher,2024-45,65.14
41,Loir-et-Cher,2024-46,67.87
41,Loir-et-Cher,2024-47,70.44
41,Loir-et-Cher,2024-48,70.63
42,Loire,2024-44,59.91
42,Loire,2024-45,60.67
42,Loire,2024-46,62.09
42,Loire,2024-47,62.82
42,Loire,2024-48,65.22
43,Haute-Loire,2024-44,59.87
43,Haute-Loire,2024-45,59.15
43,Haute-Loire,2024-46,60.78
43,Haute-Loire,2024-47,62.15
43,Haute-Loire,2024-48,60.92
44,Loire-Atlantique,2024-44,38.17
44,Loire-Atlantique,2024-45,38.26
44,Loire-Atlantique,2024-46,39.03
44,Loire-Atlantique,2024-47,40.01
44,Loire-Atlantique,2024-48,40.58
45,Loiret,2024-44,41.96
45,Loiret,2024-45,41.34
45,Loiret,2024-46,40.62
45,Loiret,2024-47,42.25
45,Loiret,2024-48,44.02
46,Lot,2024-44,33.19
46,Lot,2024-45,35.47
46,Lot,2024-46,36.73
46,Lot,2024-47,36.2
46,Lot,2024-48,36.28
47,Lot-et-Garonne,2024-44,33.55
47,Lot-et-Garonne,2024-45,32.75
47,Lot-et-Garonne,2024-46,33.62
47,Lot-et-Garonne,2024-47,33.2
47,Lot-et-Garonne,2024-48,34.0
48,Lozère,2024-44,51.64
48,Lozère,2024-45,53.27
48,Lozère,2024-46,54.07
48,Lozère,2024-47,55.86
48,Lozère,2024-48,55.38
49,Maine-et-Loire,2024-44,50.3
49,Maine-et-Loire,2024-45,49.68
49,Maine-et-Loire,2024-46,52.02
49,Maine-et-Loire,2024-47,52.81
49,Maine-et-Loire,2024-48,52.38
50,Manche,2024-44,60.22
50,Manche,2024-45,62.54
50,Manche,2024-46,63.39
50,Manche,2024-47,65.56
50,Manche,2024-48,65.44
51,Marne,2024-44,53.89
51,Marne,2024-45,55.02
51,Marne,2024-46,56.62
51,Marne,2024-47,57.65
51,Marne,2024-48,59.58
52,Haute-Marne,2024-44,57.44
52,Haute-Marne,2024-45,59.27
52,Haute-Marne,2024-46,60.87
52,Haute-Marne,2024-47,61.22
52,Haute-Marne,2024-48,60.43
53,Mayenne,2024-44,40.69
53,Mayenne,2024-45,40.13
53,Mayenne,2024-46,40.02
53,Mayenne,2024-47,40.65
53,Mayenne,2024-48,40.56
54,Meurthe-et-Moselle,2024-44,40.82
54,Meurthe-et-Moselle,2024-45,39.84
54,Meurthe-et-Moselle,2024-46,40.75
54,Meurthe-et-Moselle,2024-47,42.41
54,Meurthe-et-Moselle,2024-48,41.25
55,Meuse,2024-44,47.69
55,Meuse,2024-45,47.01
55,Meuse,2024-46,48.54
55,Meuse,2024-47,49.77
55,Meuse,2024-48,49.2
56,Morbihan,2024-44,39.22
56,Morbihan,2024-45,40.29
56,Morbihan,2024-46,40.45
56,Morbihan,2024-47,41.4
56,Morbihan,2024-48,42.32
57,Moselle,2024-44,30.56
57,Moselle,2024-45,32.1
57,Moselle,2024-46,32.86
57,Moselle,2024-47,32.94
57,Moselle,2024-48,32.2
58,Nièvre,2024-44,60.73
58,Nièvre,2024-45,61.67
58,Nièvre,2024-46,63.11
58,Nièvre,2024-47,64.66
58,Nièvre,2024-48,66.28
59,Nord,2024-44,35.31
59,Nord,2024-45,34.45
59,Nord,2024-46,35.8
59,Nord,2024-47,37.25
59,Nord,2024-48,38.52
60,Oise,2024-44,29.4
60,Oise,2024-45,29.27
60,Oise,2024-46,28.28
60,Oise,2024-47,29.48
60,Oise,2024-48,28.56
61,Orne,2024-44,53.38
61,Orne,2024-45,55.0
61,Orne,2024-46,54.98
61,Orne,2024-47,56.56
61,Orne,2024-48,56.72
62,Pas-de-Calais,2024-44,57.44
62,Pas-de-Calais,2024-45,58.63
62,Pas-de-Calais,2024-46,59.43
62,Pas-de-Calais,2024-47,61.11
62,Pas-de-Calais,2024-48,63.16
63,Puy-de-Dôme,2024-44,33.23
63,Puy-de-Dôme,2024-45,32.85
63,Puy-de-Dôme,2024-46,32.59
63,Puy-de-Dôme,2024-47,32.01
63,Puy-de-Dôme,2024-48,32.91
64,Pyrénées-Atlantiques,2024-44,31.49
64,Pyrénées-Atlantiques,2024-45,32.4
64,Pyrénées-Atlantiques,2024-46,32.95
64,Pyrénées-Atlantiques,2024-47,33.37
64,Pyrénées-Atlantiques,2024-48,32.84
65,Hautes-Pyrénées,2024-44,40.67
65,Hautes-Pyrénées,2024-45,41.99
65,Hautes-Pyrénées,2024-46,43.94
65,Hautes-Pyrénées,2024-47,43.9
65,Hautes-Pyrénées,2024-48,46.08
66,Pyrénées-Orientales,2024-44,38.66
66,Pyrénées-Orientales,2024-45,38.05
66,Pyrénées-Orientales,2024-46,38.16
66,Pyrénées-Orientales,2024-47,38.85
66,Pyrénées-Orientales,2024-48,41.18
67,Bas-Rhin,2024-44,30.67
67,Bas-Rhin,2024-45,32.9
67,Bas-Rhin,2024-46,32.02
67,Bas-Rhin,2024-47,32.18
67,Bas-Rhin,2024-48,33.95
68,Haut-Rhin,2024-44,54.3
68,Haut-Rhin,2024-45,54.68
68,Haut-Rhin,2024-46,57.14
68,Haut-Rhin,2024-47,56.47
68,Haut-Rhin,2024-48,57.75
69,Rhône,2024-44,53.84
69,Rhône,2024-45,54.48
69,Rhône,2024-46,56.46
69,Rhône,2024-47,57.91
69,Rhône,2024-48,60.38
70,Haute-Saône,2024-44,29.83
70,Haute-Saône,2024-45,32.25
70,Haute-Saône,2024-46,33.38
70,Haute-Saône,2024-47,35.52
70,Haute-Saône,2024-48,36.86
71,Saône-et-Loire,2024-44,40.98
71,Saône-et-Loire,2024-45,39.63
71,Saône-et-Loire,2024-46,41.87
71,Saône-et-Loire,2024-47,40.82
71,Saône-et-Loire,2024-48,43.06
72,Sarthe,2024-44,43.38
72,Sarthe,2024-45,44.2
72,Sarthe,2024-46,45.88
72,Sarthe,2024-47,47.59
72,Sarthe,2024-48,48.81
73,Savoie,2024-44,57.42
73,Savoie,2024-45,59.88
73,Savoie,2024-46,60.41
73,Savoie,2024-47,62.36
73,Savoie,2024-48,64.79
74,Haute-Savoie,2024-44,60.95
74,Haute-Savoie,2024-45,59.84
74,Haute-Savoie,2024-46,62.04
74,Haute-Savoie,2024-47,61.33
74,Haute-Savoie,2024-48,60.55
75,Paris,2024-44,43.6
75,Paris,2024-45,42.27
75,Paris,2024-46,43.87
75,Paris,2024-47,45.64
75,Paris,2024-48,47.22
76,Seine-Maritime,2024-44,38.79
76,Seine-Maritime,2024-45,37.96
76,Seine-Maritime,2024-46,39.31
76,Seine-Maritime,2024-47,39.57
76,Seine-Maritime,2024-48,41.91
77,Seine-et-Marne,2024-44,55.9
77,Seine-et-Marne,2024-45,56.07
77,Seine-et-Marne,2024-46,54.69
77,Seine-et-Marne,2024-47,55.72
77,Seine-et-Marne,2024-48,57.55
78,Yvelines,2024-44,46.02
78,Yvelines,2024-45,45.94
78,Yvelines,2024-46,47.56
78,Yvelines,2024-47,50.13
78,Yvelines,2024-48,51.15
79,Deux-Sèvres,2024-44,55.55
79,Deux-Sèvres,2024-45,55.7
79,Deux-Sèvres,2024-46,57.23
79,Deux-Sèvres,2024-47,56.53
79,Deux-Sèvres,2024-48,58.55
80,Somme,2024-44,32.89
80,Somme,2024-45,33.99
80,Somme,2024-46,32.89
80,Somme,2024-47,34.11
80,Somme,2024-48,33.05
81,Tarn,2024-44,28.57
81,Tarn,2024-45,28.68
81,Tarn,2024-46,30.87
81,Tarn,2024-47,30.26
81,Tarn,2024-48,30.97
82,Tarn-et-Garonne,2024-44,52.86
82,Tarn-et-Garonne,2024-45,51.49
82,Tarn-et-Garonne,2024-46,53.2
82,Tarn-et-Garonne,2024-47,53.19
82,Tarn-et-Garonne,2024-48,55.51
83,Var,2024-44,33.59
83,Var,2024-45,34.19
83,Var,2024-46,32.54
83,Var,2024-47,34.67
83,Var,2024-48,35.42
84,Vaucluse,2024-44,57.57
84,Vaucluse,2024-45,57.48
84,Vaucluse,2024-46,57.96
84,Vaucluse,2024-47,57.39
84,Vaucluse,2024-48,58.6
85,Vendée,2024-44,46.37
85,Vendée,2024-45,47.04
85,Vendée,2024-46,48.14
85,Vendée,2024-47,49.73
85,Vendée,2024-48,50.55
86,Vienne,2024-44,31.77
86,Vienne,2024-45,31.36
86,Vienne,2024-46,33.67
86,Vienne,2024-47,34.25
86,Vienne,2024-48,32.84
87,Haute-Vienne,2024-44,27.03
87,Haute-Vienne,2024-45,27.16
87,Haute-Vienne,2024-46,28.28
87,Haute-Vienne,2024-47,29.07
87,Haute-Vienne,2024-48,27.98
88,Vosges,2024-44,47.74
88,Vosges,2024-45,49.02
88,Vosges,2024-46,47.59
88,Vosges,2024-47,46.82
88,Vosges,2024-48,47.42
89,Yonne,2024-44,45.84
89,Yonne,2024-45,44.71
89,Yonne,2024-46,43.91
89,Yonne,2024-47,43.05
89,Yonne,2024-48,42.26
90,Territoire de Belfort,2024-44,42.08
90,Territoire de Belfort,2024-45,43.57
90,Territoire de Belfort,2024-46,42.19
90,Territoire de Belfort,2024-47,41.44
90,Territoire de Belfort,2024-48,40.26
91,Essonne,2024-44,55.92
91,Essonne,2024-45,56.13
91,Essonne,2024-46,57.07
91,Essonne,2024-47,58.61
91,Essonne,2024-48,57.68
92,Hauts-de-Seine,2024-44,34.52
92,Hauts-de-Seine,2024-45,35.24
92,Hauts-de-Seine,2024-46,33.88
92,Hauts-de-Seine,2024-47,34.42
92,Hauts-de-Seine,2024-48,34.77
93,Seine-Saint-Denis,2024-44,50.02
93,Seine-Saint-Denis,2024-45,52.38
93,Seine-Saint-Denis,2024-46,51.92
93,Seine-Saint-Denis,2024-47,52.79
93,Seine-Saint-Denis,2024-48,54.51
94,Val-de-Marne,2024-44,60.43
94,Val-de-Marne,2024-45,59.31
94,Val-de-Marne,2024-46,61.46
94,Val-de-Marne,2024-47,61.6
94,Val-de-Marne,2024-48,60.64
95,Val-d'Oise,2024-44,43.85
95,Val-d'Oise,2024-45,45.94
95,Val-d'Oise,2024-46,44.9
95,Val-d'Oise,2024-47,47.47
95,Val-d'Oise,2024-48,47.61
